Label,A,B,C
A,2,1234324,0.001
B,6,436546,0.2
C,5,5654,0.103
D,3,6,0.32
E,4,547,0.09
F,7,45,-0.1
G,6,64,0.12
H,6,4,-0.2
I,3,546,0.234
J,9,456,0.001
K,7,456456,0.02
L,6,546,0.134
M,8,564,0
N,4,56,0.123
O,3,456,0.0623
P,2,546456,0.34
Q,8,456,0.123
R,0,4,0.09
S,5,56456,0.15
T,5,456,0.03
U,6,456,0.03
V,3,56,0.002
W,7,456,0.01234
X,8,65,0.209
Y,9,56,0.0813
Z,5,4566,0.10003
